<?xml version="1.0" encoding="UTF-8" standalone="no"?><!DOCTYPE game-descriptor SYSTEM "descriptor.dtd">
<game-descriptor versionNumber="434">
	<title>Finding a job</title>
	<description/>
	<configuration defaultClickAction="showActions" dragBehaviour="ignoreNonTargets" keepShowing="yes" keyboard-navigation="disabled" perspective="regular">
		<gui inventoryPosition="none" type="contextual">
			<cursors>
				<cursor type="default" uri="gui/cursors/default_cursor.png"/>
				<cursor type="over" uri="gui/cursors/action_cursor.png"/>
				<cursor type="action" uri="gui/cursors/action_cursor.png"/>
				<cursor type="exit" uri="gui/cursors/action_cursor.png"/>
			</cursors>
			<buttons>
				<button action="talk" type="normal" uri="gui/buttons/Talk-Normal.png"/>
				<button action="talk" type="highlighted" uri="gui/buttons/Talk-Pressed.png"/>
				<button action="examine" type="normal" uri="gui/buttons/Examine-Normal.png"/>
				<button action="examine" type="highlighted" uri="gui/buttons/Examine-Pressed.png"/>
				<button action="use" type="normal" uri="gui/buttons/Use-Normal.png"/>
				<button action="use" type="highlighted" uri="gui/buttons/Use-Pressed.png"/>
				<button action="grab" type="normal" uri="gui/buttons/Use-Normal.png"/>
				<button action="grab" type="highlighted" uri="gui/buttons/Use-Pressed.png"/>
				<button action="give-to" type="normal" uri="gui/buttons/Use-Normal.png"/>
				<button action="give-to" type="highlighted" uri="gui/buttons/Use-Pressed.png"/>
				<button action="use-with" type="normal" uri="gui/buttons/Use-Normal.png"/>
				<button action="use-with" type="highlighted" uri="gui/buttons/Use-Pressed.png"/>
			</buttons>
		</gui>
		<mode playerTransparent="no"/>
		<graphics mode="windowed"/>
	</configuration>
	<contents>
		<chapter path="chapter1.xml">
			<title>Finding a Job</title>
			<description>Juego para aprender vocabulario y practicar ortografía en ingles, basado en la creación de un currículo, la escritura de una carta de presentación y la realización de una entrevista. Además, el alumno aprendará algunos conceptos relacionados e importantes para la búsqueda de empleo.</description>
		</chapter>
	</contents>
</game-descriptor>