<?xml version="1.0" encoding="UTF-8" standalone="no"?>
<!DOCTYPE properties SYSTEM "http://java.sun.com/dtd/properties.dtd">
<properties>
<comment>Project Configuration</comment>
<entry key="Chapter0.CLCG-opportunityConversation.2.X">385</entry>
<entry key="Chapter0.CLCG-regardingConversation.1.Y">205</entry>
<entry key="Chapter0.CLCG-experienceConversation1.4.Y">364</entry>
<entry key="Chapter0.CLCG-regardingConversation.1.X">232</entry>
<entry key="Chapter0.CLCG-experienceConversation1.4.X">180</entry>
<entry key="Chapter0.CLCG-haveConversation.3.Y">228</entry>
<entry key="Chapter0.I-P0-03-WorkExperince.17.Y">1052</entry>
<entry key="Chapter0.CoverLetterCorrectionsGame-CLCG.Y">91</entry>
<entry key="Chapter0.CLCG-haveConversation.3.X">77</entry>
<entry key="Chapter0.I-P0-03-WorkExperince.17.X">169</entry>
<entry key="Chapter0.CLCG-opportunityConversation1.1.Y">150</entry>
<entry key="Chapter0.CoverLetterCorrectionsGame-CLCG.X">672</entry>
<entry key="Chapter0.CLCG-opportunityConversation1.1.X">295</entry>
<entry key="Chapter0.I-P0-02-TellMeAboutYourself.9.Y">533</entry>
<entry key="Chapter0.CLCG-careerConversation1.0.Y">80</entry>
<entry key="Chapter0.I-P0-02-TellMeAboutYourself.9.X">203</entry>
<entry key="Chapter0.CLCG-careerConversation1.0.X">282</entry>
<entry key="Chapter0.CLCG-regardingConversation1.0.Y">106</entry>
<entry key="Chapter0.CLCG-regardingConversation1.0.X">232</entry>
<entry key="Chapter0.REG-engineersConversation.3.Y">255</entry>
<entry key="Chapter0.REG-engineersConversation.3.X">150</entry>
<entry key="Chapter0.startConversationMother.8.Y">655</entry>
<entry key="Chapter0.I-P0-02-TellMeAboutYourself.12.Y">651</entry>
<entry key="Chapter0.REdG-receivedConversation.1.Y">150</entry>
<entry key="Chapter0.startConversationMother.8.X">682</entry>
<entry key="Chapter0.I-P0-02-TellMeAboutYourself.12.X">217</entry>
<entry key="Chapter0.REdG-receivedConversation.1.X">295</entry>
<entry key="Chapter0.I-P0-02-TellMeAboutYourself.1.Y">172</entry>
<entry key="Chapter0.I-P0-02-TellMeAboutYourself.1.X">381</entry>
<entry key="Chapter0.CLCG-careerConversation.1.Y">211</entry>
<entry key="Chapter0.CLCG-careerConversation.1.X">288</entry>
<entry key="Chapter0.CLCG-fluentConversation1.4.Y">364</entry>
<entry key="Chapter0.startConversationMother.0.Y">61</entry>
<entry key="Chapter0.CLCG-fluentConversation1.4.X">228</entry>
<entry key="Chapter0.startConversationMother.0.X">206</entry>
<entry key="Chapter0.LivingRoom.Visible">true</entry>
<entry key="Chapter0.I-P0-05-Questions.2.Y">427</entry>
<entry key="Chapter0.I-P0-05-Questions.2.X">167</entry>
<entry key="Chapter0.CLCG-departmentConversation.2.Y">310</entry>
<entry key="Chapter0.CLCG-departmentConversation.2.X">110</entry>
<entry key="Chapter0.endIG.2.Y">278</entry>
<entry key="Chapter0.I-P0-01-Introduction1.5.Y">215</entry>
<entry key="Chapter0.endIG.2.X">124</entry>
<entry key="Chapter0.I-P0-01-Introduction1.5.X">501</entry>
<entry key="Chapter0.CLCG-resumeConversation.4.Y">354</entry>
<entry key="Chapter0.CLCG-resumeConversation.4.X">186</entry>
<entry key="Chapter0.I-P2-04-Expectations1.0.Y">76</entry>
<entry key="Chapter0.I-P2-04-Expectations1.0.X">163</entry>
<entry key="Chapter0.endCorrectionsResume.2.Y">301</entry>
<entry key="Chapter0.endCorrectionsResume.2.X">326</entry>
<entry key="Chapter0.ReadyToLeave.0.Y">87</entry>
<entry key="Chapter0.ReadyToLeave.0.X">230</entry>
<entry key="Chapter0.REG-commercializationConversation1.4.Y">425</entry>
<entry key="Chapter0.REG-commercializationConversation1.4.X">384</entry>
<entry key="Chapter0.I-P0-02-TellMeAboutYourself1.4.Y">268</entry>
<entry key="Chapter0.I-P0-02-TellMeAboutYourself1.4.X">172</entry>
<entry key="Chapter0.endCorrectionsNow.0.Y">75</entry>
<entry key="Chapter0.endCorrectionsNow.0.X">248</entry>
<entry key="Chapter0.REG-environmentConversation.2.Y">255</entry>
<entry key="Chapter0.CLCG-experienceConversation.3.Y">230</entry>
<entry key="Chapter0.REG-environmentConversation.2.X">440</entry>
<entry key="Chapter0.CLCG-experienceConversation.3.X">102</entry>
<entry key="Chapter0.I-P3-04-Expectations.1.Y">219</entry>
<entry key="Chapter0.REG-commercializationConversation.5.Y">425</entry>
<entry key="Chapter0.I-P3-04-Expectations.1.X">323</entry>
<entry key="Chapter0.REG-commercializationConversation.5.X">206</entry>
<entry key="Chapter0.REdG-campaignConversation1.3.Y">255</entry>
<entry key="Chapter0.REdG-campaignConversation1.3.X">150</entry>
<entry key="Chapter0.I-P0-03-WorkExperience.21.Y">1348</entry>
<entry key="Chapter0.I-P0-03-WorkExperience.21.X">311</entry>
<entry key="Chapter0.I-P0-01-Introduction.4.Y">225</entry>
<entry key="Chapter0.I-P0-01-Introduction.4.X">325</entry>
<entry key="Chapter0.CLCG-fluentConversation.1.Y">150</entry>
<entry key="Chapter0.CLCG-fluentConversation.1.X">343</entry>
<entry key="Chapter0.endIG1.0.Y">48</entry>
<entry key="Chapter0.endIG1.0.X">256</entry>
<entry key="ACTIVATE">53</entry>
<entry key="Chapter0.I-P0-03-WorkExperince.23.Y">1423</entry>
<entry key="Chapter0.I-P0-03-WorkExperince.23.X">304</entry>
<entry key="Chapter0.I-P0-03-WorkExperince.4.Y">231</entry>
<entry key="Chapter0.I-P0-03-WorkExperince.4.X">395</entry>
<entry key="Chapter0.IncludeGame-IG.Visible">true</entry>
<entry key="Chapter0.I-P0-03-WorkExperience.2.Y">169</entry>
<entry key="Chapter0.I-P0-03-WorkExperience.2.X">1052</entry>
<entry key="Chapter0.I-P0-03-WorkExperience.18.Y">1208</entry>
<entry key="Chapter0.I-P0-02-TellMeAboutYourself.26.Y">1342</entry>
<entry key="Chapter0.I-P0-03-WorkExperience.18.X">1553</entry>
<entry key="Chapter0.I-P0-02-TellMeAboutYourself.26.X">436</entry>
<entry key="Chapter0.REG-establishmentConversation.3.Y">255</entry>
<entry key="Chapter0.REdG-specializedConversation.3.Y">255</entry>
<entry key="Chapter0.InterviewBad.Y">139</entry>
<entry key="Chapter0.REG-establishmentConversation.3.X">150</entry>
<entry key="Chapter0.REdG-specializedConversation.3.X">150</entry>
<entry key="Chapter0.InterviewBad.X">426</entry>
<entry key="Chapter0.CLCG-sincerelyConversation.1.Y">150</entry>
<entry key="Chapter0.CLCG-sincerelyConversation.1.X">295</entry>
<entry key="Chapter0.CLCG-opportunityConversation.5.Y">259</entry>
<entry key="Chapter0.CLCG-opportunityConversation.5.X">543</entry>
<entry key="Chapter0.I-P0-03-WorkExperience.10.Y">568</entry>
<entry key="Chapter0.I-P0-03-WorkExperience.10.X">1553</entry>
<entry key="Chapter0.CLCG-regardingConversation.4.Y">305</entry>
<entry key="Chapter0.CLCG-regardingConversation.4.X">316</entry>
<entry key="Chapter0.InterviewNormal.Visible">true</entry>
<entry key="Chapter0.CLCG-opportunityConversation1.4.Y">357</entry>
<entry key="Chapter0.CLCG-opportunityConversation1.4.X">242</entry>
<entry key="Chapter0.I-P0-03-WorkExperince.12.Y">635</entry>
<entry key="Chapter0.I-P0-03-WorkExperince.12.X">577</entry>
<entry key="Chapter0.CLCG-careerConversation1.3.Y">203</entry>
<entry key="Chapter0.CLCG-careerConversation1.3.X">88</entry>
<entry key="Chapter0.CLCG-regardingConversation1.3.Y">305</entry>
<entry key="Chapter0.CLCG-regardingConversation1.3.X">216</entry>
<entry key="Chapter0.CLCG-departmentConversation1.1.Y">192</entry>
<entry key="Chapter0.CLCG-departmentConversation1.1.X">298</entry>
<entry key="Chapter0.I-P0-02-TellMeAboutYourself.15.Y">836</entry>
<entry key="Chapter0.REdG-receivedConversation.4.Y">425</entry>
<entry key="Chapter0.I-P0-02-TellMeAboutYourself.15.X">225</entry>
<entry key="Chapter0.REdG-receivedConversation.4.X">384</entry>
<entry key="Chapter0.I-P0-02-TellMeAboutYourself.4.Y">306</entry>
<entry key="Chapter0.I-P0-02-TellMeAboutYourself.4.X">267</entry>
<entry key="Chapter0.CLCG-careerConversation.4.Y">332</entry>
<entry key="Chapter0.CLCG-careerConversation.4.X">214</entry>
<entry key="Chapter0.startConversationMother.3.Y">198</entry>
<entry key="Chapter0.startConversationMother.3.X">287</entry>
<entry key="Chapter0.I-P0-05-Questions.5.Y">440</entry>
<entry key="Chapter0.I-P0-05-Questions.5.X">500</entry>
<entry key="Chapter0.CLCG-departmentConversation.5.Y">306</entry>
<entry key="Chapter0.REdG-receivedConversation1.1.Y">150</entry>
<entry key="Chapter0.CLCG-departmentConversation.5.X">369</entry>
<entry key="Chapter0.ResumeExperienceGame-REG.Visible">true</entry>
<entry key="Chapter0.REdG-receivedConversation1.1.X">295</entry>
<entry key="Chapter0.I-P0-01-Introduction1.0.Y">80</entry>
<entry key="Chapter0.I-P0-01-Introduction1.0.X">111</entry>
<entry key="Chapter0.ReadyToLeave.3.Y">301</entry>
<entry key="Chapter0.ReadyToLeave.3.X">338</entry>
<entry key="Chapter0.CLCG-resumeConversation1.1.Y">150</entry>
<entry key="Chapter0.CLCG-resumeConversation1.1.X">295</entry>
<entry key="Chapter0.SceneId.Visible">true</entry>
<entry key="Chapter0.endCLC.2.Y">301</entry>
<entry key="Chapter0.endCLC.2.X">87</entry>
<entry key="Chapter0.Kitchen.Visible">true</entry>
<entry key="Chapter0.endCorrectionsNow.3.Y">332</entry>
<entry key="Chapter0.endCorrectionsNow.3.X">370</entry>
<entry key="Chapter0.CLCG-haveConversation1.2.Y">362</entry>
<entry key="Chapter0.REG-environmentConversation.5.Y">425</entry>
<entry key="Chapter0.CLCG-haveConversation1.2.X">371</entry>
<entry key="Chapter0.CLCG-experienceConversation.6.Y">234</entry>
<entry key="Chapter0.REG-environmentConversation.5.X">206</entry>
<entry key="Chapter0.CLCG-experienceConversation.6.X">659</entry>
<entry key="Chapter0.InterviewBad1.Visible">true</entry>
<entry key="Chapter0.CLCG-sincerelyConversation1.2.Y">378</entry>
<entry key="Chapter0.CLCG-sincerelyConversation1.2.X">376</entry>
<entry key="Chapter0.Cover.Y">43</entry>
<entry key="Chapter0.Cover.X">562</entry>
<entry key="Chapter0.REG-commercializationConversation.0.Y">94</entry>
<entry key="Chapter0.I-P0-03-WorkExperience.24.Y">1553</entry>
<entry key="Chapter0.REG-commercializationConversation.0.X">120</entry>
<entry key="Chapter0.I-P0-03-WorkExperience.24.X">1208</entry>
<entry key="Chapter0.IdEscena.Visible">true</entry>
<entry key="Chapter0.REdG-projectsConversation1.1.Y">150</entry>
<entry key="Chapter0.REdG-projectsConversation1.1.X">295</entry>
<entry key="Chapter0.I-P0-01-Introduction.7.Y">339</entry>
<entry key="Chapter0.I-P0-01-Introduction.7.X">448</entry>
<entry key="Chapter0.CLCG-fluentConversation.4.Y">364</entry>
<entry key="Chapter0.endIG1.3.Y">280</entry>
<entry key="Chapter0.CLCG-fluentConversation.4.X">228</entry>
<entry key="Chapter0.endIG1.3.X">339</entry>
<entry key="Chapter0.I-P0-03-WorkExperince.26.Y">1467</entry>
<entry key="Chapter0.I-P0-03-WorkExperince.26.X">770</entry>
<entry key="Chapter0.I-P0-03-WorkExperince.7.Y">337</entry>
<entry key="Chapter0.REdG-projectsConversation.2.Y">255</entry>
<entry key="Chapter0.I-P0-03-WorkExperince.7.X">488</entry>
<entry key="Chapter0.REdG-projectsConversation.2.X">440</entry>
<entry key="Chapter0.I-P0-05-Questions.12.Y">232</entry>
<entry key="Chapter0.REdG-campaignConversation.1.Y">150</entry>
<entry key="Chapter0.I-P0-05-Questions.12.X">766</entry>
<entry key="Chapter0.REdG-campaignConversation.1.X">295</entry>
<entry key="Chapter0.I-P0-03-WorkExperience.5.Y">223</entry>
<entry key="Chapter0.I-P0-03-WorkExperience.5.X">568</entry>
<entry key="Chapter0.I-P1-04-Expectations1.0.Y">83</entry>
<entry key="Chapter0.I-P1-04-Expectations.2.Y">184</entry>
<entry key="Chapter0.I-P1-04-Expectations1.0.X">249</entry>
<entry key="Chapter0.I-P1-04-Expectations.2.X">312</entry>
<entry key="Chapter0.CLCG-sincerelyConversation.4.Y">352</entry>
<entry key="Chapter0.CLCG-sincerelyConversation.4.X">226</entry>
<entry key="Chapter0.I-P0-03-WorkExperience.13.Y">724</entry>
<entry key="Chapter0.I-P0-02-TellMeAboutYourself.21.Y">1057</entry>
<entry key="Chapter0.I-P0-03-WorkExperience.13.X">169</entry>
<entry key="Chapter0.I-P0-02-TellMeAboutYourself.21.X">454</entry>
<entry key="Chapter0.endCLG.1.Y">150</entry>
<entry key="Chapter0.endCLG.1.X">238</entry>
<entry key="Chapter0.CLCG-opportunityConversation.0.Y">82</entry>
<entry key="Chapter0.CLCG-opportunityConversation.0.X">128</entry>
<entry key="Chapter0.CLCG-experienceConversation1.2.Y">382</entry>
<entry key="Chapter0.CLCG-experienceConversation1.2.X">374</entry>
<entry key="Chapter0.CLCG-haveConversation.1.Y">213</entry>
<entry key="Chapter0.I-P0-03-WorkExperince.15.Y">951</entry>
<entry key="Chapter0.CLCG-haveConversation.1.X">294</entry>
<entry key="Chapter0.I-P0-03-WorkExperince.15.X">530</entry>
<entry key="Chapter0.CLCG-departmentConversation1.4.Y">308</entry>
<entry key="Chapter0.CLCG-departmentConversation1.4.X">241</entry>
<entry key="Chapter0.I-P0-02-TellMeAboutYourself.18.Y">831</entry>
<entry key="Chapter0.I-P0-02-TellMeAboutYourself.18.X">589</entry>
<entry key="Chapter0.I-P0-02-TellMeAboutYourself.7.Y">393</entry>
<entry key="HIGHLIGHT">5</entry>
<entry key="Chapter0.I-P0-02-TellMeAboutYourself.7.X">574</entry>
<entry key="Chapter0.REG-engineersConversation.1.Y">150</entry>
<entry key="Chapter0.REG-engineersConversation.1.X">295</entry>
<entry key="Chapter0.startConversationMother.6.Y">481</entry>
<entry key="Chapter0.I-P0-02-TellMeAboutYourself.10.Y">573</entry>
<entry key="Chapter0.startConversationMother.6.X">532</entry>
<entry key="Chapter0.I-P0-02-TellMeAboutYourself.10.X">392</entry>
<entry key="Chapter0.I-P0-05-Questions.8.Y">399</entry>
<entry key="Chapter0.I-P0-05-Questions.8.X">855</entry>
<entry key="Chapter0.REdG-receivedConversation1.4.Y">425</entry>
<entry key="Chapter0.CLCG-fluentConversation1.2.Y">382</entry>
<entry key="Chapter0.REdG-receivedConversation1.4.X">384</entry>
<entry key="Chapter0.CLCG-fluentConversation1.2.X">422</entry>
<entry key="Chapter0.I-P0-05-Questions.0.Y">53</entry>
<entry key="Chapter0.I-P0-05-Questions.0.X">219</entry>
<entry key="Chapter0.CLCG-departmentConversation.0.Y">46</entry>
<entry key="Chapter0.CLCG-departmentConversation.0.X">298</entry>
<entry key="Chapter0.endIG.0.Y">48</entry>
<entry key="Chapter0.I-P0-01-Introduction1.3.Y">218</entry>
<entry key="Chapter0.endIG.0.X">256</entry>
<entry key="Chapter0.I-P0-01-Introduction1.3.X">234</entry>
<entry key="Chapter0.CLCG-resumeConversation.2.Y">417</entry>
<entry key="CONVERSATION">43</entry>
<entry key="Chapter0.CLCG-resumeConversation.2.X">370</entry>
<entry key="Chapter0.startConversationMother.11.Y">748</entry>
<entry key="Chapter0.startConversationMother.11.X">366</entry>
<entry key="Chapter0.CLCG-resumeConversation1.4.Y">354</entry>
<entry key="Chapter0.endCorrectionsResume.0.Y">123</entry>
<entry key="Chapter0.CLCG-resumeConversation1.4.X">186</entry>
<entry key="Chapter0.endCorrectionsResume.0.X">99</entry>
<entry key="Chapter0.CLCG-haveConversation1.5.Y">227</entry>
<entry key="Chapter0.CLCG-haveConversation1.5.X">486</entry>
<entry key="Chapter0.CLCG-sincerelyConversation1.5.Y">279</entry>
<entry key="Chapter0.CLCG-sincerelyConversation1.5.X">513</entry>
<entry key="Chapter0.REG-commercializationConversation1.2.Y">255</entry>
<entry key="Chapter0.REG-commercializationConversation1.2.X">440</entry>
<entry key="Chapter0.I-P0-02-TellMeAboutYourself1.2.Y">267</entry>
<entry key="Chapter0.I-P0-02-TellMeAboutYourself1.2.X">287</entry>
<entry key="Chapter0.REG-environmentConversation.0.Y">60</entry>
<entry key="Chapter0.CLCG-experienceConversation.1.Y">150</entry>
<entry key="Chapter0.REG-environmentConversation.0.X">172</entry>
<entry key="Chapter0.CLCG-experienceConversation.1.X">295</entry>
<entry key="Chapter0.REG-commercializationConversation.3.Y">255</entry>
<entry key="Chapter0.I-P0-03-WorkExperience.27.Y">1607</entry>
<entry key="Chapter0.REG-commercializationConversation.3.X">150</entry>
<entry key="Chapter0.I-P0-03-WorkExperience.27.X">724</entry>
<entry key="Chapter0.I-P4-04-Expectations.1.Y">150</entry>
<entry key="SETVALUE">13</entry>
<entry key="Chapter0.I-P4-04-Expectations.1.X">150</entry>
<entry key="Chapter0.REdG-campaignConversation1.1.Y">150</entry>
<entry key="Chapter0.REdG-campaignConversation1.1.X">295</entry>
<entry key="Chapter0.REdG-projectsConversation1.4.Y">425</entry>
<entry key="Chapter0.REdG-projectsConversation1.4.X">384</entry>
<entry key="Chapter0.I-P0-01-Introduction.2.Y">324</entry>
<entry key="Chapter0.I-P0-01-Introduction.2.X">103</entry>
<entry key="Chapter0.REdG-projectsConversation.5.Y">425</entry>
<entry key="Chapter0.REdG-projectsConversation.5.X">206</entry>
<entry key="Chapter0.REdG-campaignConversation.4.Y">425</entry>
<entry key="Chapter0.REdG-campaignConversation.4.X">384</entry>
<entry key="Chapter0.I-P0-03-WorkExperience.8.Y">428</entry>
<entry key="Chapter0.I-P0-03-WorkExperience.8.X">1465</entry>
<entry key="Chapter0.I-P0-03-WorkExperince.21.Y">1220</entry>
<entry key="Chapter0.I-P0-03-WorkExperince.21.X">671</entry>
<entry key="Chapter0.I-P0-03-WorkExperince.2.Y">214</entry>
<entry key="Chapter0.I-P0-03-WorkExperince.2.X">247</entry>
<entry key="Chapter0.I-P0-03-WorkExperience.0.Y">888</entry>
<entry key="Chapter0.I-P0-03-WorkExperience.0.X">888</entry>
<entry key="Chapter0.I-P0-03-WorkExperience.16.Y">1052</entry>
<entry key="Chapter0.I-P0-03-WorkExperience.16.X">1607</entry>
<entry key="Chapter0.I-P0-02-TellMeAboutYourself.24.Y">1224</entry>
<entry key="Chapter0.I-P0-02-TellMeAboutYourself.24.X">387</entry>
<entry key="Chapter0.REG-establishmentConversation.1.Y">150</entry>
<entry key="Chapter0.REdG-specializedConversation.1.Y">150</entry>
<entry key="Chapter0.REG-establishmentConversation.1.X">295</entry>
<entry key="Chapter0.REdG-specializedConversation.1.X">295</entry>
<entry key="Chapter0.CLCG-opportunityConversation.3.Y">254</entry>
<entry key="Chapter0.CLCG-opportunityConversation.3.X">109</entry>
<entry key="MACRO">25</entry>
<entry key="Chapter0.CLCG-experienceConversation1.5.Y">234</entry>
<entry key="Chapter0.CLCG-regardingConversation.2.Y">305</entry>
<entry key="Chapter0.CLCG-experienceConversation1.5.X">559</entry>
<entry key="Chapter0.CLCG-regardingConversation.2.X">116</entry>
<entry key="Chapter0.I-P0-04-Expectations.0.Y">61</entry>
<entry key="Chapter0.I-P0-04-Expectations.0.X">319</entry>
<entry key="Chapter0.CLCG-haveConversation.4.Y">357</entry>
<entry key="Chapter0.I-P0-03-WorkExperince.18.Y">1087</entry>
<entry key="Chapter0.CLCG-haveConversation.4.X">187</entry>
<entry key="Chapter0.I-P0-03-WorkExperince.18.X">460</entry>
<entry key="Chapter0.CLCG-opportunityConversation1.2.Y">359</entry>
<entry key="Chapter0.ResumeEducationGame-REdG.Visible">true</entry>
<entry key="Chapter0.CLCG-opportunityConversation1.2.X">385</entry>
<entry key="Chapter0.I-P0-03-WorkExperince.10.Y">648</entry>
<entry key="Chapter0.I-P0-03-WorkExperince.10.X">232</entry>
<entry key="Chapter0.CLCG-careerConversation1.1.Y">211</entry>
<entry key="Chapter0.CLCG-careerConversation1.1.X">288</entry>
<entry key="Chapter0.CLCG-regardingConversation1.1.Y">205</entry>
<entry key="Chapter0.REG-engineersConversation.4.Y">425</entry>
<entry key="Chapter0.CLCG-regardingConversation1.1.X">232</entry>
<entry key="Chapter0.REG-engineersConversation.4.X">384</entry>
<entry key="Chapter0.REdG-receivedConversation.2.Y">255</entry>
<entry key="Chapter0.startConversationMother.9.Y">655</entry>
<entry key="Chapter0.I-P0-02-TellMeAboutYourself.13.Y">721</entry>
<entry key="Chapter0.REdG-receivedConversation.2.X">440</entry>
<entry key="Chapter0.startConversationMother.9.X">222</entry>
<entry key="Chapter0.I-P0-02-TellMeAboutYourself.13.X">575</entry>
<entry key="Chapter0.I-P0-02-TellMeAboutYourself.2.Y">302</entry>
<entry key="Chapter0.I-P0-02-TellMeAboutYourself.2.X">384</entry>
<entry key="Chapter0.CLCG-careerConversation.2.Y">329</entry>
<entry key="Chapter0.CLCG-careerConversation.2.X">406</entry>
<entry key="Chapter0.CLCG-fluentConversation1.5.Y">234</entry>
<entry key="Chapter0.startConversationMother.1.Y">150</entry>
<entry key="Chapter0.CLCG-fluentConversation1.5.X">607</entry>
<entry key="Chapter0.startConversationMother.1.X">452</entry>
<entry key="Chapter0.I-P0-05-Questions.3.Y">436</entry>
<entry key="Chapter0.I-P0-05-Questions.3.X">269</entry>
<entry key="Chapter0.SceneId.Y">496</entry>
<entry key="Chapter0.SceneId.X">463</entry>
<entry key="DECREMENT">3</entry>
<entry key="Chapter0.CLCG-departmentConversation.3.Y">305</entry>
<entry key="Chapter0.CLCG-departmentConversation.3.X">503</entry>
<entry key="Chapter0.endIG.3.Y">280</entry>
<entry key="Chapter0.I-P0-01-Introduction1.6.Y">346</entry>
<entry key="Chapter0.endIG.3.X">339</entry>
<entry key="Chapter0.I-P0-01-Introduction1.6.X">234</entry>
<entry key="Chapter0.CLCG-resumeConversation.5.Y">292</entry>
<entry key="Chapter0.CLCG-resumeConversation.5.X">512</entry>
<entry key="Chapter0.I-P2-04-Expectations1.1.Y">169</entry>
<entry key="Chapter0.I-P2-04-Expectations1.1.X">314</entry>
<entry key="Chapter0.endCorrectionsResume.3.Y">305</entry>
<entry key="Chapter0.endCorrectionsResume.3.X">142</entry>
<entry key="Chapter0.ReadyToLeave.1.Y">187</entry>
<entry key="Chapter0.ReadyToLeave.1.X">230</entry>
<entry key="Chapter0.endCLC.0.Y">60</entry>
<entry key="Chapter0.REG-commercializationConversation1.5.Y">425</entry>
<entry key="Chapter0.endCLC.0.X">148</entry>
<entry key="Chapter0.REG-commercializationConversation1.5.X">206</entry>
<entry key="CUTSCENE">11</entry>
<entry key="Chapter0.I-P0-02-TellMeAboutYourself1.5.Y">291</entry>
<entry key="Chapter0.I-P0-02-TellMeAboutYourself1.5.X">520</entry>
<entry key="Chapter0.endCorrectionsNow.1.Y">210</entry>
<entry key="Chapter0.endCorrectionsNow.1.X">248</entry>
<entry key="Chapter0.InterviewBad1.Y">116</entry>
<entry key="Chapter0.CLCG-haveConversation1.0.Y">43</entry>
<entry key="Chapter0.InterviewBad1.X">66</entry>
<entry key="Chapter0.REG-environmentConversation.3.Y">255</entry>
<entry key="Chapter0.CLCG-haveConversation1.0.X">279</entry>
<entry key="Chapter0.CLCG-experienceConversation.4.Y">364</entry>
<entry key="Chapter0.REG-environmentConversation.3.X">150</entry>
<entry key="Chapter0.CLCG-experienceConversation.4.X">180</entry>
<entry key="Chapter0.CLCG-sincerelyConversation1.0.Y">110</entry>
<entry key="Chapter0.CLCG-sincerelyConversation1.0.X">150</entry>
<entry key="Chapter0.REdG-campaignConversation1.4.Y">425</entry>
<entry key="Chapter0.REdG-campaignConversation1.4.X">384</entry>
<entry key="Chapter0.I-P0-03-WorkExperience.22.Y">1465</entry>
<entry key="Chapter0.I-P0-03-WorkExperience.22.X">1348</entry>
<entry key="Chapter0.I-P0-01-Introduction.5.Y">213</entry>
<entry key="Chapter0.I-P0-01-Introduction.5.X">478</entry>
<entry key="Chapter0.CLCG-fluentConversation.2.Y">382</entry>
<entry key="Chapter0.CLCG-fluentConversation.2.X">422</entry>
<entry key="Chapter0.InterviewGood.Y">70</entry>
<entry key="Chapter0.Final.Y">356</entry>
<entry key="Chapter0.endIG1.1.Y">177</entry>
<entry key="Chapter0.InterviewGood.X">244</entry>
<entry key="Chapter0.Final.X">166</entry>
<entry key="Chapter0.endIG1.1.X">256</entry>
<entry key="Chapter0.I-P0-03-WorkExperince.24.Y">1464</entry>
<entry key="Chapter0.I-P0-03-WorkExperince.24.X">559</entry>
<entry key="Chapter0.I-P0-03-WorkExperince.5.Y">242</entry>
<entry key="Chapter0.REdG-projectsConversation.0.Y">137</entry>
<entry key="Chapter0.I-P0-03-WorkExperince.5.X">661</entry>
<entry key="Chapter0.I-P0-05-Questions.10.Y">577</entry>
<entry key="Chapter0.REdG-projectsConversation.0.X">121</entry>
<entry key="Chapter0.I-P0-05-Questions.10.X">532</entry>
<entry key="Chapter0.I-P0-03-WorkExperience.3.Y">169</entry>
<entry key="Chapter0.I-P0-03-WorkExperience.3.X">724</entry>
<entry key="Chapter0.I-P0-03-WorkExperience.19.Y">1208</entry>
<entry key="Chapter0.I-P1-04-Expectations.0.Y">83</entry>
<entry key="Chapter0.I-P0-03-WorkExperience.19.X">223</entry>
<entry key="Chapter0.I-P1-04-Expectations.0.X">249</entry>
<entry key="Chapter0.I-P0-02-TellMeAboutYourself.27.Y">1338</entry>
<entry key="Chapter0.I-P0-02-TellMeAboutYourself.27.X">625</entry>
<entry key="Chapter0.REG-establishmentConversation.4.Y">425</entry>
<entry key="Chapter0.REdG-specializedConversation.4.Y">425</entry>
<entry key="Chapter0.REG-establishmentConversation.4.X">384</entry>
<entry key="Chapter0.REdG-specializedConversation.4.X">384</entry>
<entry key="Chapter0.CLCG-sincerelyConversation.2.Y">378</entry>
<entry key="Chapter0.CLCG-sincerelyConversation.2.X">376</entry>
<entry key="Chapter0.I-P0-03-WorkExperience.11.Y">568</entry>
<entry key="Chapter0.I-P0-03-WorkExperience.11.X">223</entry>
<entry key="Chapter0.CLCG-regardingConversation.5.Y">305</entry>
<entry key="Chapter0.CLCG-regardingConversation.5.X">416</entry>
<entry key="Chapter0.CLCG-opportunityConversation1.5.Y">259</entry>
<entry key="Chapter0.CLCG-opportunityConversation1.5.X">543</entry>
<entry key="Chapter0.CLCG-experienceConversation1.0.Y">302</entry>
<entry key="Chapter0.CLCG-experienceConversation1.0.X">295</entry>
<entry key="Chapter0.I-P0-03-WorkExperince.13.Y">799</entry>
<entry key="Chapter0.I-P0-03-WorkExperince.13.X">315</entry>
<entry key="Chapter0.CLCG-careerConversation1.4.Y">332</entry>
<entry key="Chapter0.CLCG-careerConversation1.4.X">214</entry>
<entry key="Chapter0.CLCG-regardingConversation1.4.Y">305</entry>
<entry key="Chapter0.CLCG-regardingConversation1.4.X">316</entry>
<entry key="Chapter0.CLCG-departmentConversation1.2.Y">310</entry>
<entry key="Chapter0.CLCG-departmentConversation1.2.X">110</entry>
<entry key="Chapter0.startAct2.0.Y">121</entry>
<entry key="Chapter0.I-P0-02-TellMeAboutYourself.16.Y">820</entry>
<entry key="Chapter0.startAct2.0.X">276</entry>
<entry key="Chapter0.REdG-receivedConversation.5.Y">425</entry>
<entry key="Chapter0.I-P0-02-TellMeAboutYourself.16.X">70</entry>
<entry key="Chapter0.REdG-receivedConversation.5.X">206</entry>
<entry key="RANDOM">10</entry>
<entry key="Chapter0.I-P0-02-TellMeAboutYourself.5.Y">189</entry>
<entry key="Chapter0.I-P0-02-TellMeAboutYourself.5.X">572</entry>
<entry key="Chapter0.CLCG-careerConversation.5.Y">172</entry>
<entry key="Chapter0.CLCG-careerConversation.5.X">522</entry>
<entry key="Chapter0.startConversationMother.4.Y">517</entry>
<entry key="Chapter0.startConversationMother.4.X">291</entry>
<entry key="Chapter0.I-P0-05-Questions.6.Y">415</entry>
<entry key="Chapter0.I-P0-05-Questions.6.X">625</entry>
<entry key="Chapter0.REdG-receivedConversation1.2.Y">255</entry>
<entry key="Chapter0.CLCG-fluentConversation1.0.Y">302</entry>
<entry key="Chapter0.REdG-receivedConversation1.2.X">440</entry>
<entry key="Chapter0.CLCG-fluentConversation1.0.X">343</entry>
<entry key="SCENE">11</entry>
<entry key="Chapter0.CoverLetterCorrectionsGame-CLCG.Visible">true</entry>
<entry key="Chapter0.I-P0-01-Introduction1.1.Y">52</entry>
<entry key="Chapter0.I-P0-01-Introduction1.1.X">264</entry>
<entry key="Chapter0.CLCG-resumeConversation.0.Y">114</entry>
<entry key="Chapter0.CLCG-resumeConversation.0.X">125</entry>
<entry key="Chapter0.CLCG-resumeConversation1.2.Y">417</entry>
<entry key="Chapter0.CLCG-resumeConversation1.2.X">370</entry>
<entry key="Chapter0.Final.Visible">true</entry>
<entry key="Chapter0.endCLC.3.Y">304</entry>
<entry key="Chapter0.endCLC.3.X">392</entry>
<entry key="Chapter0.CLCG-haveConversation1.3.Y">228</entry>
<entry key="Chapter0.ResumeExperienceGame-REG.Y">398</entry>
<entry key="Chapter0.CLCG-haveConversation1.3.X">77</entry>
<entry key="Chapter0.ResumeExperienceGame-REG.X">499</entry>
<entry key="Chapter0.CLCG-sincerelyConversation1.3.Y">255</entry>
<entry key="Chapter0.CLCG-sincerelyConversation1.3.X">150</entry>
<entry key="Chapter0.REG-commercializationConversation1.0.Y">94</entry>
<entry key="Chapter0.REG-commercializationConversation1.0.X">120</entry>
<entry key="Chapter0.I-P0-02-TellMeAboutYourself1.0.Y">53</entry>
<entry key="Chapter0.I-P0-02-TellMeAboutYourself1.0.X">96</entry>
<entry key="Chapter0.InterviewCallConversation.0.Y">113</entry>
<entry key="Chapter0.InterviewCallConversation.0.X">300</entry>
<entry key="Chapter0.REG-commercializationConversation.1.Y">150</entry>
<entry key="Chapter0.REG-commercializationConversation.1.X">295</entry>
<entry key="Chapter0.I-P0-03-WorkExperience.25.Y">1553</entry>
<entry key="Chapter0.I-P0-03-WorkExperience.25.X">568</entry>
<entry key="DEACTIVATE">87</entry>
<entry key="Chapter0.REdG-projectsConversation1.2.Y">255</entry>
<entry key="Chapter0.I-P0-01-Introduction.8.Y">440</entry>
<entry key="Chapter0.REdG-projectsConversation1.2.X">440</entry>
<entry key="Chapter0.I-P0-01-Introduction.8.X">374</entry>
<entry key="Chapter0.CLCG-fluentConversation.5.Y">234</entry>
<entry key="Chapter0.I-P2-04-Expectations.0.Y">76</entry>
<entry key="Chapter0.CLCG-fluentConversation.5.X">607</entry>
<entry key="Chapter0.I-P2-04-Expectations.0.X">163</entry>
<entry key="Chapter0.I-P0-03-WorkExperince.27.Y">1717</entry>
<entry key="Chapter0.I-P0-03-WorkExperince.27.X">453</entry>
<entry key="Chapter0.I-P0-01-Introduction.0.Y">80</entry>
<entry key="Chapter0.I-P0-01-Introduction.0.X">111</entry>
<entry key="Chapter0.I-P0-03-WorkExperince.8.Y">469</entry>
<entry key="Chapter0.LivingRoom.Y">323</entry>
<entry key="Chapter0.REdG-projectsConversation.3.Y">255</entry>
<entry key="Chapter0.I-P0-03-WorkExperince.8.X">391</entry>
<entry key="Chapter0.LivingRoom.X">283</entry>
<entry key="Chapter0.REdG-projectsConversation.3.X">150</entry>
<entry key="Chapter0.REdG-campaignConversation.2.Y">255</entry>
<entry key="Chapter0.REdG-campaignConversation.2.X">440</entry>
<entry key="Chapter0.I-P0-03-WorkExperience.6.Y">311</entry>
<entry key="Chapter0.I-P0-03-WorkExperience.6.X">1348</entry>
<entry key="Chapter0.I-P1-04-Expectations1.1.Y">205</entry>
<entry key="Chapter0.I-P1-04-Expectations1.1.X">266</entry>
<entry key="Chapter0.I-P0-03-WorkExperince.0.Y">33</entry>
<entry key="Chapter0.I-P0-03-WorkExperince.0.X">476</entry>
<entry key="Chapter0.CLCG-sincerelyConversation.5.Y">279</entry>
<entry key="Chapter0.CLCG-sincerelyConversation.5.X">513</entry>
<entry key="Chapter0.I-P0-03-WorkExperience.14.Y">888</entry>
<entry key="Chapter0.I-P0-02-TellMeAboutYourself.22.Y">1221</entry>
<entry key="Chapter0.I-P0-03-WorkExperience.14.X">1626</entry>
<entry key="Chapter0.I-P0-02-TellMeAboutYourself.22.X">171</entry>
<entry key="Chapter0.endCLG.2.Y">263</entry>
<entry key="Chapter0.endCLG.2.X">108</entry>
<entry key="Chapter0.CLCG-opportunityConversation.1.Y">150</entry>
<entry key="Chapter0.CLCG-opportunityConversation.1.X">295</entry>
<entry key="Chapter0.CLCG-experienceConversation1.3.Y">230</entry>
<entry key="Chapter0.CLCG-regardingConversation.0.Y">106</entry>
<entry key="Chapter0.CLCG-experienceConversation1.3.X">102</entry>
<entry key="Chapter0.CLCG-regardingConversation.0.X">232</entry>
<entry key="Chapter0.CLCG-haveConversation.2.Y">362</entry>
<entry key="Chapter0.I-P0-03-WorkExperince.16.Y">1090</entry>
<entry key="Chapter0.CLCG-haveConversation.2.X">371</entry>
<entry key="Chapter0.I-P0-03-WorkExperince.16.X">309</entry>
<entry key="Chapter0.CLCG-opportunityConversation1.0.Y">82</entry>
<entry key="Chapter0.CLCG-opportunityConversation1.0.X">128</entry>
<entry key="Chapter0.CLCG-departmentConversation1.5.Y">306</entry>
<entry key="Chapter0.CLCG-departmentConversation1.5.X">369</entry>
<entry key="Chapter0.I-P0-02-TellMeAboutYourself.19.Y">981</entry>
<entry key="Chapter0.I-P0-02-TellMeAboutYourself.19.X">215</entry>
<entry key="Chapter0.I-P0-02-TellMeAboutYourself.8.Y">506</entry>
<entry key="Chapter0.I-P0-02-TellMeAboutYourself.8.X">572</entry>
<entry key="Chapter0.REG-engineersConversation.2.Y">255</entry>
<entry key="Chapter0.REG-engineersConversation.2.X">440</entry>
<entry key="Chapter0.startConversationMother.7.Y">498</entry>
<entry key="Chapter0.I-P0-02-TellMeAboutYourself.11.Y">608</entry>
<entry key="Chapter0.REdG-receivedConversation.0.Y">124</entry>
<entry key="Chapter0.startConversationMother.7.X">150</entry>
<entry key="Chapter0.I-P0-02-TellMeAboutYourself.11.X">655</entry>
<entry key="Chapter0.REdG-receivedConversation.0.X">112</entry>
<entry key="Chapter0.CoverLetterGame-CLG.Visible">true</entry>
<entry key="Chapter0.I-P0-05-Questions.9.Y">384</entry>
<entry key="Chapter0.I-P0-02-TellMeAboutYourself.0.Y">150</entry>
<entry key="Chapter0.I-P0-05-Questions.9.X">965</entry>
<entry key="Chapter0.I-P0-02-TellMeAboutYourself.0.X">191</entry>
<entry key="Chapter0.CLCG-careerConversation.0.Y">80</entry>
<entry key="Chapter0.CLCG-careerConversation.0.X">282</entry>
<entry key="Chapter0.CLCG-fluentConversation1.3.Y">230</entry>
<entry key="Chapter0.REdG-receivedConversation1.5.Y">425</entry>
<entry key="Chapter0.CLCG-fluentConversation1.3.X">150</entry>
<entry key="Chapter0.REdG-receivedConversation1.5.X">206</entry>
<entry key="Chapter0.I-P0-05-Questions.1.Y">128</entry>
<entry key="Chapter0.I-P0-05-Questions.1.X">388</entry>
<entry key="Chapter0.CLCG-departmentConversation.1.Y">192</entry>
<entry key="Chapter0.CLCG-departmentConversation.1.X">298</entry>
<entry key="Chapter0.endIG.1.Y">183</entry>
<entry key="Chapter0.I-P0-01-Introduction1.4.Y">225</entry>
<entry key="Chapter0.endIG.1.X">109</entry>
<entry key="Chapter0.I-P0-01-Introduction1.4.X">325</entry>
<entry key="Chapter0.CLCG-resumeConversation.3.Y">228</entry>
<entry key="Chapter0.CLCG-resumeConversation.3.X">110</entry>
<entry key="Chapter0.CLCG-resumeConversation1.5.Y">292</entry>
<entry key="Chapter0.endCorrectionsResume.1.Y">150</entry>
<entry key="Chapter0.CLCG-resumeConversation1.5.X">512</entry>
<entry key="Chapter0.endCorrectionsResume.1.X">238</entry>
<entry key="Chapter0.REG-commercializationConversation1.3.Y">255</entry>
<entry key="Chapter0.REG-commercializationConversation1.3.X">150</entry>
<entry key="Chapter0.I-P0-02-TellMeAboutYourself1.3.Y">268</entry>
<entry key="Chapter0.I-P0-02-TellMeAboutYourself1.3.X">55</entry>
<entry key="Chapter0.REG-environmentConversation.1.Y">150</entry>
<entry key="Chapter0.CLCG-experienceConversation.2.Y">382</entry>
<entry key="Chapter0.REG-environmentConversation.1.X">295</entry>
<entry key="Chapter0.CLCG-experienceConversation.2.X">374</entry>
<entry key="Chapter0.Cover.Visible">true</entry>
<entry key="Chapter0.I-P3-04-Expectations.0.Y">132</entry>
<entry key="Chapter0.REG-commercializationConversation.4.Y">425</entry>
<entry key="Chapter0.InterviewNormal.Y">189</entry>
<entry key="Chapter0.I-P0-03-WorkExperience.28.Y">1626</entry>
<entry key="Chapter0.I-P3-04-Expectations.0.X">190</entry>
<entry key="Chapter0.REG-commercializationConversation.4.X">384</entry>
<entry key="Chapter0.InterviewNormal.X">252</entry>
<entry key="Chapter0.I-P0-03-WorkExperience.28.X">888</entry>
<entry key="Chapter0.REdG-campaignConversation1.2.Y">255</entry>
<entry key="Chapter0.REdG-campaignConversation1.2.X">440</entry>
<entry key="Chapter0.I-P0-03-WorkExperience.20.Y">1348</entry>
<entry key="Chapter0.I-P0-03-WorkExperience.20.X">1465</entry>
<entry key="Chapter0.REdG-projectsConversation1.5.Y">425</entry>
<entry key="Chapter0.REdG-projectsConversation1.5.X">206</entry>
<entry key="Chapter0.I-P0-01-Introduction.3.Y">218</entry>
<entry key="Chapter0.I-P0-01-Introduction.3.X">234</entry>
<entry key="Chapter0.CLCG-fluentConversation.0.Y">67</entry>
<entry key="Chapter0.REdG-campaignConversation.5.Y">425</entry>
<entry key="Chapter0.CLCG-fluentConversation.0.X">97</entry>
<entry key="Chapter0.REdG-campaignConversation.5.X">206</entry>
<entry key="Chapter0.I-P0-03-WorkExperience.9.Y">428</entry>
<entry key="Chapter0.I-P0-03-WorkExperience.9.X">311</entry>
<entry key="Chapter0.I-P0-03-WorkExperince.22.Y">1297</entry>
<entry key="Chapter0.I-P0-03-WorkExperince.22.X">545</entry>
<entry key="Chapter0.I-P0-03-WorkExperince.3.Y">196</entry>
<entry key="Chapter0.I-P0-03-WorkExperince.3.X">101</entry>
<entry key="Chapter0.I-P0-03-WorkExperience.1.Y">150</entry>
<entry key="Chapter0.I-P0-03-WorkExperience.1.X">888</entry>
<entry key="Chapter0.I-P0-03-WorkExperience.17.Y">1052</entry>
<entry key="Chapter0.I-P0-02-TellMeAboutYourself.25.Y">1062</entry>
<entry key="Chapter0.I-P0-03-WorkExperience.17.X">169</entry>
<entry key="Chapter0.I-P0-02-TellMeAboutYourself.25.X">691</entry>
<entry key="Chapter0.REdG-specializedConversation.2.Y">255</entry>
<entry key="Chapter0.REG-establishmentConversation.2.Y">255</entry>
<entry key="Chapter0.REdG-specializedConversation.2.X">440</entry>
<entry key="Chapter0.REG-establishmentConversation.2.X">440</entry>
<entry key="Chapter0.CLCG-sincerelyConversation.0.Y">110</entry>
<entry key="Chapter0.CLCG-sincerelyConversation.0.X">150</entry>
<entry key="Chapter0.CLCG-opportunityConversation.4.Y">357</entry>
<entry key="Chapter0.CLCG-opportunityConversation.4.X">242</entry>
<entry key="Chapter0.CLCG-regardingConversation.3.Y">305</entry>
<entry key="Chapter0.CLCG-regardingConversation.3.X">216</entry>
<entry key="INCREMENT">13</entry>
<entry key="Chapter0.Exterior.Y">467</entry>
<entry key="Chapter0.Exterior.X">768</entry>
<entry key="Chapter0.I-P0-03-WorkExperince.19.Y">1071</entry>
<entry key="Chapter0.CLCG-haveConversation.5.Y">227</entry>
<entry key="Chapter0.I-P0-03-WorkExperince.19.X">684</entry>
<entry key="Chapter0.CLCG-haveConversation.5.X">486</entry>
<entry key="Chapter0.CLCG-opportunityConversation1.3.Y">254</entry>
<entry key="Chapter0.CLCG-opportunityConversation1.3.X">109</entry>
<entry key="Chapter0.I-P0-03-WorkExperince.11.Y">652</entry>
<entry key="Chapter0.I-P0-03-WorkExperince.11.X">117</entry>
<entry key="Chapter0.CLCG-careerConversation1.2.Y">329</entry>
<entry key="Chapter0.CLCG-careerConversation1.2.X">406</entry>
<entry key="Chapter0.CLCG-regardingConversation1.2.Y">305</entry>
<entry key="Chapter0.CLCG-regardingConversation1.2.X">116</entry>
<entry key="Chapter0.REG-engineersConversation.5.Y">425</entry>
<entry key="Chapter0.REG-engineersConversation.5.X">206</entry>
<entry key="Chapter0.CLCG-departmentConversation1.0.Y">46</entry>
<entry key="Chapter0.CLCG-departmentConversation1.0.X">298</entry>
<entry key="Chapter0.I-P0-02-TellMeAboutYourself.14.Y">770</entry>
<entry key="Chapter0.REdG-receivedConversation.3.Y">255</entry>
<entry key="Chapter0.I-P0-02-TellMeAboutYourself.14.X">469</entry>
<entry key="Chapter0.REdG-receivedConversation.3.X">150</entry>
<entry key="Chapter0.CoverLetterGame-CLG.Y">178</entry>
<entry key="Chapter0.I-P0-02-TellMeAboutYourself.3.Y">306</entry>
<entry key="Chapter0.CoverLetterGame-CLG.X">2</entry>
<entry key="Chapter0.I-P0-02-TellMeAboutYourself.3.X">150</entry>
<entry key="Chapter0.CLCG-careerConversation.3.Y">203</entry>
<entry key="Chapter0.CLCG-careerConversation.3.X">88</entry>
<entry key="Chapter0.startConversationMother.2.Y">297</entry>
<entry key="Chapter0.startConversationMother.2.X">529</entry>
<entry key="Chapter0.I-P0-05-Questions.4.Y">589</entry>
<entry key="Chapter0.I-P0-05-Questions.4.X">308</entry>
<entry key="autosave">yes</entry>
<entry key="Chapter0.REdG-receivedConversation1.0.Y">302</entry>
<entry key="Chapter0.CLCG-departmentConversation.4.Y">308</entry>
<entry key="Chapter0.REdG-receivedConversation1.0.X">295</entry>
<entry key="Chapter0.CLCG-departmentConversation.4.X">241</entry>
<entry key="Chapter0.ReadyToLeave.2.Y">286</entry>
<entry key="Chapter0.ReadyToLeave.2.X">130</entry>
<entry key="Chapter0.CLCG-resumeConversation1.0.Y">114</entry>
<entry key="Chapter0.CLCG-resumeConversation1.0.X">125</entry>
<entry key="Chapter0.endCLC.1.Y">150</entry>
<entry key="Chapter0.endCLC.1.X">238</entry>
<entry key="Chapter0.I-P0-02-TellMeAboutYourself1.6.Y">440</entry>
<entry key="Chapter0.endCorrectionsNow.2.Y">334</entry>
<entry key="Chapter0.I-P0-02-TellMeAboutYourself1.6.X">227</entry>
<entry key="Chapter0.endCorrectionsNow.2.X">124</entry>
<entry key="Chapter0.CLCG-haveConversation1.1.Y">213</entry>
<entry key="Chapter0.REG-environmentConversation.4.Y">425</entry>
<entry key="Chapter0.CLCG-haveConversation1.1.X">294</entry>
<entry key="Chapter0.CLCG-experienceConversation.5.Y">234</entry>
<entry key="Chapter0.REG-environmentConversation.4.X">384</entry>
<entry key="Chapter0.CLCG-experienceConversation.5.X">559</entry>
<entry key="Chapter0.CLCG-sincerelyConversation1.1.Y">150</entry>
<entry key="Chapter0.CLCG-sincerelyConversation1.1.X">295</entry>
<entry key="Chapter0.REdG-campaignConversation1.5.Y">425</entry>
<entry key="Chapter0.REdG-campaignConversation1.5.X">206</entry>
<entry key="Chapter0.I-P0-03-WorkExperience.23.Y">1465</entry>
<entry key="Chapter0.I-P0-03-WorkExperience.23.X">428</entry>
<entry key="Chapter0.InterviewBad.Visible">true</entry>
<entry key="Chapter0.REdG-projectsConversation1.0.Y">302</entry>
<entry key="Chapter0.I-P0-01-Introduction.6.Y">426</entry>
<entry key="Chapter0.REdG-projectsConversation1.0.X">295</entry>
<entry key="Chapter0.I-P0-01-Introduction.6.X">191</entry>
<entry key="Chapter0.CLCG-fluentConversation.3.Y">230</entry>
<entry key="Chapter0.CLCG-fluentConversation.3.X">150</entry>
<entry key="Chapter0.endIG1.2.Y">278</entry>
<entry key="Chapter0.endIG1.2.X">124</entry>
<entry key="Chapter0.I-P0-03-WorkExperince.25.Y">1425</entry>
<entry key="Chapter0.I-P0-03-WorkExperince.25.X">409</entry>
<entry key="Chapter0.I-P0-03-WorkExperince.6.Y">351</entry>
<entry key="Chapter0.I-P0-03-WorkExperince.6.X">167</entry>
<entry key="Chapter0.REdG-projectsConversation.1.Y">150</entry>
<entry key="Chapter0.I-P0-05-Questions.11.Y">225</entry>
<entry key="Chapter0.REdG-projectsConversation.1.X">295</entry>
<entry key="Chapter0.I-P0-05-Questions.11.X">150</entry>
<entry key="Chapter0.REdG-campaignConversation.0.Y">85</entry>
<entry key="Chapter0.REdG-campaignConversation.0.X">153</entry>
<entry key="Chapter0.I-P0-03-WorkExperience.4.Y">223</entry>
<entry key="Chapter0.I-P0-03-WorkExperience.4.X">1208</entry>
<entry key="Chapter0.I-P1-04-Expectations.1.Y">205</entry>
<entry key="Chapter0.I-P1-04-Expectations.1.X">266</entry>
<entry key="Chapter0.IncludeGame-IG.Y">373</entry>
<entry key="Chapter0.REdG-specializedConversation.5.Y">425</entry>
<entry key="Chapter0.REG-establishmentConversation.5.Y">425</entry>
<entry key="Chapter0.IncludeGame-IG.X">752</entry>
<entry key="Chapter0.REdG-specializedConversation.5.X">206</entry>
<entry key="Chapter0.REG-establishmentConversation.5.X">206</entry>
<entry key="Chapter0.CLCG-sincerelyConversation.3.Y">255</entry>
<entry key="Chapter0.CLCG-sincerelyConversation.3.X">150</entry>
<entry key="Chapter0.I-P0-03-WorkExperience.12.Y">724</entry>
<entry key="Chapter0.I-P0-02-TellMeAboutYourself.20.Y">949</entry>
<entry key="Chapter0.I-P0-03-WorkExperience.12.X">1607</entry>
<entry key="Chapter0.I-P0-02-TellMeAboutYourself.20.X">416</entry>
<entry key="Chapter0.endCLG.0.Y">64</entry>
<entry key="Chapter0.endCLG.0.X">140</entry>
<entry key="Chapter0.CLCG-experienceConversation1.1.Y">150</entry>
<entry key="Chapter0.CLCG-experienceConversation1.1.X">295</entry>
<entry key="Chapter0.CLCG-haveConversation.0.Y">43</entry>
<entry key="Chapter0.I-P0-03-WorkExperince.14.Y">844</entry>
<entry key="Chapter0.CLCG-haveConversation.0.X">279</entry>
<entry key="Chapter0.I-P0-03-WorkExperince.14.X">581</entry>
<entry key="Chapter0.CLCG-careerConversation1.5.Y">172</entry>
<entry key="Chapter0.CLCG-careerConversation1.5.X">522</entry>
<entry key="Chapter0.CLCG-regardingConversation1.5.Y">305</entry>
<entry key="Chapter0.CLCG-regardingConversation1.5.X">416</entry>
<entry key="Chapter0.CLCG-departmentConversation1.3.Y">305</entry>
<entry key="Chapter0.CLCG-departmentConversation1.3.X">503</entry>
<entry key="Chapter0.I-P0-02-TellMeAboutYourself.17.Y">869</entry>
<entry key="Chapter0.I-P0-02-TellMeAboutYourself.17.X">339</entry>
<entry key="Chapter0.Kitchen.Y">513</entry>
<entry key="Chapter0.Kitchen.X">315</entry>
<entry key="Chapter0.I-P0-02-TellMeAboutYourself.6.Y">415</entry>
<entry key="Chapter0.I-P0-02-TellMeAboutYourself.6.X">399</entry>
<entry key="Chapter0.REG-engineersConversation.0.Y">103</entry>
<entry key="Chapter0.ConversationId.0.Y">150</entry>
<entry key="Chapter0.REG-engineersConversation.0.X">171</entry>
<entry key="Chapter0.ConversationId.0.X">150</entry>
<entry key="Chapter0.startConversationMother.5.Y">334</entry>
<entry key="Chapter0.startConversationMother.5.X">88</entry>
<entry key="Chapter0.I-P0-05-Questions.7.Y">410</entry>
<entry key="Chapter0.I-P0-05-Questions.7.X">735</entry>
<entry key="Chapter0.IdEscena.Y">32</entry>
<entry key="Chapter0.IdEscena.X">588</entry>
<entry key="Chapter0.CLCG-fluentConversation1.1.Y">150</entry>
<entry key="Chapter0.REdG-receivedConversation1.3.Y">255</entry>
<entry key="Chapter0.CLCG-fluentConversation1.1.X">343</entry>
<entry key="Chapter0.REdG-receivedConversation1.3.X">150</entry>
<entry key="Chapter0.I-P0-01-Introduction1.2.Y">218</entry>
<entry key="Chapter0.I-P0-01-Introduction1.2.X">104</entry>
<entry key="Chapter0.CLCG-resumeConversation.1.Y">150</entry>
<entry key="Chapter0.CLCG-resumeConversation.1.X">295</entry>
<entry key="Chapter0.startConversationMother.10.Y">748</entry>
<entry key="Chapter0.CLCG-resumeConversation1.3.Y">228</entry>
<entry key="Chapter0.startConversationMother.10.X">538</entry>
<entry key="Chapter0.CLCG-resumeConversation1.3.X">110</entry>
<entry key="Chapter0.endCLC.4.Y">401</entry>
<entry key="Chapter0.endCLC.4.X">150</entry>
<entry key="Chapter0.CLCG-haveConversation1.4.Y">357</entry>
<entry key="Chapter0.Exterior.Visible">true</entry>
<entry key="Chapter0.CLCG-haveConversation1.4.X">187</entry>
<entry key="Chapter0.CLCG-sincerelyConversation1.4.Y">352</entry>
<entry key="Chapter0.CLCG-sincerelyConversation1.4.X">226</entry>
<entry key="Chapter0.REG-commercializationConversation1.1.Y">150</entry>
<entry key="Chapter0.REG-commercializationConversation1.1.X">295</entry>
<entry key="Chapter0.I-P0-02-TellMeAboutYourself1.1.Y">117</entry>
<entry key="SPPLAYER">17</entry>
<entry key="Chapter0.I-P0-02-TellMeAboutYourself1.1.X">253</entry>
<entry key="Chapter0.InterviewCallConversation.1.Y">307</entry>
<entry key="Chapter0.InterviewCallConversation.1.X">302</entry>
<entry key="Chapter0.CLCG-experienceConversation.0.Y">87</entry>
<entry key="Chapter0.CLCG-experienceConversation.0.X">135</entry>
<entry key="Chapter0.REG-commercializationConversation.2.Y">255</entry>
<entry key="Chapter0.REG-commercializationConversation.2.X">440</entry>
<entry key="Chapter0.I-P0-03-WorkExperience.26.Y">1607</entry>
<entry key="Chapter0.I-P0-03-WorkExperience.26.X">1052</entry>
<entry key="Chapter0.I-P4-04-Expectations.0.Y">200</entry>
<entry key="Chapter0.I-P4-04-Expectations.0.X">150</entry>
<entry key="Chapter0.REdG-campaignConversation1.0.Y">302</entry>
<entry key="Chapter0.REdG-campaignConversation1.0.X">295</entry>
<entry key="Chapter0.REdG-projectsConversation1.3.Y">255</entry>
<entry key="Chapter0.REdG-projectsConversation1.3.X">150</entry>
<entry key="Chapter0.I-P2-04-Expectations.1.Y">169</entry>
<entry key="Chapter0.I-P2-04-Expectations.1.X">314</entry>
<entry key="MVNPC">1</entry>
<entry key="WAITTIME">1</entry>
<entry key="Chapter0.I-P0-03-WorkExperince.28.Y">1605</entry>
<entry key="Chapter0.I-P0-03-WorkExperince.28.X">659</entry>
<entry key="Chapter0.ResumeEducationGame-REdG.Y">268</entry>
<entry key="Chapter0.ResumeEducationGame-REdG.X">569</entry>
<entry key="Chapter0.I-P0-01-Introduction.1.Y">52</entry>
<entry key="Chapter0.I-P0-01-Introduction.1.X">264</entry>
<entry key="Chapter0.I-P0-03-WorkExperince.9.Y">672</entry>
<entry key="Chapter0.REdG-projectsConversation.4.Y">425</entry>
<entry key="Chapter0.I-P0-03-WorkExperince.9.X">350</entry>
<entry key="Chapter0.REdG-projectsConversation.4.X">384</entry>
<entry key="Chapter0.REdG-campaignConversation.3.Y">255</entry>
<entry key="Chapter0.REdG-campaignConversation.3.X">150</entry>
<entry key="Chapter0.I-P0-03-WorkExperience.7.Y">311</entry>
<entry key="Chapter0.I-P0-03-WorkExperince.20.Y">1231</entry>
<entry key="Chapter0.I-P0-03-WorkExperience.7.X">428</entry>
<entry key="Chapter0.I-P0-03-WorkExperince.20.X">370</entry>
<entry key="Chapter0.InterviewGood.Visible">true</entry>
<entry key="Chapter0.I-P0-03-WorkExperince.1.Y">118</entry>
<entry key="Chapter0.I-P0-03-WorkExperince.1.X">330</entry>
<entry key="Chapter0.I-P0-03-WorkExperience.15.Y">888</entry>
<entry key="Chapter0.I-P0-02-TellMeAboutYourself.23.Y">1166</entry>
<entry key="Chapter0.I-P0-03-WorkExperience.15.X">150</entry>
<entry key="Chapter0.I-P0-02-TellMeAboutYourself.23.X">512</entry>
<entry key="Chapter0.endCLG.3.Y">257</entry>
<entry key="Chapter0.REdG-specializedConversation.0.Y">109</entry>
<entry key="Chapter0.REG-establishmentConversation.0.Y">90</entry>
<entry key="Chapter0.endCLG.3.X">366</entry>
<entry key="Chapter0.REdG-specializedConversation.0.X">133</entry>
<entry key="Chapter0.REG-establishmentConversation.0.X">121</entry>
<entry key="Chapter0.CLCG-opportunityConversation.2.Y">359</entry>
</properties>
